AGE_GROUP,GENDER,RACE,EDUCATION,SMOKER,ACTIVITY,BMXHT_mean,BMXHT_std,BMXHT_count,BMXWT_mean,BMXWT_std,BMXWT_count
0-19,Female,Mexican American,College+,No,Heavy,167.8,0.0,16,110.6,0.0,16
0-19,Female,Mexican American,Unknown,No,Heavy,158.5608695652174,5.795118567336309,23,51.69130434782608,5.8925155180478574,23
0-19,Female,Mexican American,Unknown,No,Moderate,163.2388888888889,8.29889072717478,36,94.58333333333333,24.99116986914721,36
0-19,Female,Mexican American,Unknown,No,Sedentary,157.34129032258065,4.501843592002468,155,57.07806451612903,8.90553797472041,155
0-19,Female,Non-Hispanic Black,College+,No,Heavy,156.3,0.0,9,53.1,0.0,9
0-19,Female,Non-Hispanic Black,High School,No,Sedentary,159.1,0.0,8,58.2,0.0,8
0-19,Female,Non-Hispanic Black,Unknown,No,Heavy,161.49402985074627,4.5780729238474525,67,72.92835820895522,24.132624755022228,67
0-19,Female,Non-Hispanic Black,Unknown,No,Moderate,158.8,0.0,5,51.1,0.0,5
0-19,Female,Non-Hispanic Black,Unknown,No,Sedentary,163.44565217391303,3.62869468552714,46,87.70652173913044,24.674488869400783,46
0-19,Female,Non-Hispanic White,College+,No,Heavy,166.6,0.0,9,66.2,0.0,9
0-19,Female,Non-Hispanic White,College+,No,Sedentary,163.13555555555556,3.6678675719349974,45,62.59555555555555,9.539486253451912,45
0-19,Female,Non-Hispanic White,High School,No,Moderate,155.9,0.0,9,55.4,0.0,9
0-19,Female,Non-Hispanic White,High School,No,Sedentary,169.27241379310342,3.1603454322639504,29,86.14482758620689,22.07303762846843,29
0-19,Female,Non-Hispanic White,Less than HS,No,Heavy,168.2,0.0,8,83.6,0.0,8
0-19,Female,Non-Hispanic White,Unknown,No,Heavy,162.15578231292517,6.274149281979324,147,71.72108843537416,16.544519563115678,147
0-19,Female,Non-Hispanic White,Unknown,No,Light,158.2,0.0,9,72.2,0.0,9
0-19,Female,Non-Hispanic White,Unknown,No,Moderate,168.43846153846152,5.8358942364012645,26,59.51538461538461,17.50254135393354,26
0-19,Female,Non-Hispanic White,Unknown,No,Sedentary,164.22233009708737,6.6197745680831765,309,66.64336569579288,15.60927326982062,309
0-19,Female,Other Hispanic,College+,No,Sedentary,148.0,0.0,18,58.70000000000001,0.0,18
0-19,Female,Other Hispanic,Unknown,No,Heavy,157.8725,2.3933655629570585,40,54.8625,12.037860945942436,40
0-19,Female,Other Hispanic,Unknown,No,Moderate,170.23846153846154,1.9695762918025674,13,72.13846153846154,18.638917102912142,13
0-19,Female,Other Hispanic,Unknown,No,Sedentary,163.6259259259259,6.434024685590413,54,61.31481481481482,4.240078648585597,54
0-19,Female,Other/Multi-Racial,High School,No,Heavy,174.3,0.0,10,58.6,0.0,10
0-19,Female,Other/Multi-Racial,Unknown,No,Heavy,158.91612903225806,9.52045586366167,62,58.314516129032256,10.392980714053422,62
0-19,Female,Other/Multi-Racial,Unknown,No,Moderate,155.5,3.508232077228118,40,78.75,10.61240203361505,40
0-19,Female,Other/Multi-Racial,Unknown,No,Sedentary,160.50625,6.91669176702273,16,66.8875,8.30003012042727,16
0-19,Female,Other/Multi-Racial,Unknown,Yes,Heavy,171.3,0.0,5,152.6,0.0,5
0-19,Male,Mexican American,High School,No,Sedentary,167.8,0.0,14,72.2,0.0,14
0-19,Male,Mexican American,Less than HS,Yes,Moderate,175.8,0.0,16,117.6,0.0,16
0-19,Male,Mexican American,Unknown,No,Heavy,169.76162790697674,4.559364470796897,86,74.48953488372094,14.709396989038062,86
0-19,Male,Mexican American,Unknown,No,Moderate,179.7,0.0,7,73.1,0.0,7
0-19,Male,Mexican American,Unknown,No,Sedentary,171.4452380952381,2.803673755502551,42,98.7595238095238,21.936883513942853,42
0-19,Male,Non-Hispanic Black,High School,No,Moderate,177.6,0.0,7,151.1,0.0,7
0-19,Male,Non-Hispanic Black,Unknown,No,Heavy,181.9625,4.121531175518302,40,82.71000000000001,25.603923978111695,40
0-19,Male,Non-Hispanic Black,Unknown,No,Light,185.0,0.0,9,161.3,0.0,9
0-19,Male,Non-Hispanic Black,Unknown,No,Moderate,169.95357142857142,4.3986935891245365,28,67.33214285714287,1.4178892950121489,28
0-19,Male,Non-Hispanic Black,Unknown,No,Sedentary,172.74583333333337,6.706616559321007,48,78.04583333333333,24.586070769574494,48
0-19,Male,Non-Hispanic White,College+,No,Sedentary,179.40322580645162,5.134425243456672,31,81.0,15.748185080615897,31
0-19,Male,Non-Hispanic White,College+,Yes,Sedentary,174.2,0.0,16,63.7,0.0,16
0-19,Male,Non-Hispanic White,High School,No,Sedentary,182.45714285714286,5.078745001833706,28,90.39642857142857,0.6602368502383821,28
0-19,Male,Non-Hispanic White,High School,Yes,Sedentary,181.67600000000002,6.5819374047464425,25,89.708,2.5281613872535984,25
0-19,Male,Non-Hispanic White,Unknown,No,Heavy,173.73390804597702,10.539041083088787,174,80.09310344827585,28.233218630605535,174
0-19,Male,Non-Hispanic White,Unknown,No,Moderate,174.73225806451612,7.5989381094549735,62,68.70161290322581,11.27773800037387,62
0-19,Male,Non-Hispanic White,Unknown,No,Sedentary,178.71818181818182,7.874956131532379,132,71.44166666666666,9.19567639581724,132
0-19,Male,Non-Hispanic White,Unknown,Unknown,Sedentary,174.1,0.0,11,80.1,0.0,11
0-19,Male,Non-Hispanic White,Unknown,Yes,Heavy,161.59999999999997,0.0,13,61.3,0.0,13
0-19,Male,Non-Hispanic White,Unknown,Yes,Moderate,181.2,0.0,11,63.0,0.0,11
0-19,Male,Other Hispanic,College+,No,Heavy,171.9,0.0,11,75.7,0.0,11
0-19,Male,Other Hispanic,College+,No,Moderate,165.0,0.0,8,112.3,0.0,8
0-19,Male,Other Hispanic,High School,No,Sedentary,177.1,0.0,10,67.4,0.0,10
0-19,Male,Other Hispanic,Less than HS,No,Light,160.6,0.0,9,79.5,0.0,9
0-19,Male,Other Hispanic,Less than HS,Yes,Heavy,185.3,0.0,11,111.8,0.0,11
0-19,Male,Other Hispanic,Unknown,No,Heavy,174.15955056179774,7.180049998261015,89,80.66516853932585,25.39102875356675,89
0-19,Male,Other Hispanic,Unknown,No,Moderate,172.96818181818182,7.095631544336778,22,72.07272727272728,18.418447838491186,22
0-19,Male,Other Hispanic,Unknown,No,Sedentary,171.6530612244898,6.587206731005703,49,81.6938775510204,19.38925183535182,49
0-19,Male,Other/Multi-Racial,Unknown,No,Heavy,173.4344262295082,6.709865504014757,61,61.985245901639345,9.254725568875141,61
0-19,Male,Other/Multi-Racial,Unknown,No,Moderate,177.55833333333334,5.919670598943828,36,74.88055555555556,6.008984675084211,36
0-19,Male,Other/Multi-Racial,Unknown,No,Sedentary,172.65514018691587,7.95765009455255,107,72.69532710280373,17.205381909079417,107
0-19,Male,Other/Multi-Racial,Unknown,Yes,Moderate,178.6,0.0,8,63.7,0.0,8
20-39,Female,Mexican American,College+,No,Heavy,155.1523076923077,3.451046385351295,65,64.72,23.901668351811765,65
20-39,Female,Mexican American,College+,No,Light,159.4,0.0,15,99.6,0.0,15
20-39,Female,Mexican American,College+,No,Moderate,157.0322033898305,8.257210864950958,59,78.40847457627119,25.993217206348497,59
20-39,Female,Mexican American,College+,No,Sedentary,161.13117283950618,4.79449347277023,324,76.2141975308642,18.521340272347484,324
20-39,Female,Mexican American,College+,Unknown,Sedentary,169.0,0.0,28,86.2,0.0,28
20-39,Female,Mexican American,College+,Yes,Heavy,161.38813559322034,8.036062785017643,59,94.63559322033899,23.407276813667952,59
20-39,Female,Mexican American,College+,Yes,Light,167.09999999999997,0.0,13,77.3,0.0,13
20-39,Female,Mexican American,College+,Yes,Sedentary,159.06617647058823,7.023619220421077,68,82.74852941176471,17.281095638350276,68
20-39,Female,Mexican American,High School,No,Heavy,154.8,0.0,17,70.3,0.0,17
20-39,Female,Mexican American,High School,No,Sedentary,155.8027027027027,4.846160363655991,37,75.3891891891892,9.094191790605924,37
20-39,Female,Mexican American,Less than HS,No,Heavy,157.38,6.294133454418412,70,74.92999999999999,18.71827248005758,70
20-39,Female,Mexican American,Less than HS,No,Light,159.3,0.0,11,59.6,0.0,11
20-39,Female,Mexican American,Less than HS,No,Moderate,160.7,0.0,7,69.7,0.0,7
20-39,Female,Mexican American,Less than HS,No,Sedentary,151.9,0.0,12,83.5,0.0,12
20-39,Female,Mexican American,Less than HS,Yes,Moderate,154.6,0.0,18,73.8,0.0,18
20-39,Female,Mexican American,Less than HS,Yes,Sedentary,166.9,0.0,14,74.1,0.0,14
20-39,Female,Non-Hispanic Black,College+,No,Heavy,163.64736842105265,4.703940863693214,76,76.23815789473683,12.305933171770034,76
20-39,Female,Non-Hispanic Black,College+,No,Light,156.9769230769231,5.671417790736727,39,67.88205128205128,6.009635762448577,39
20-39,Female,Non-Hispanic Black,College+,No,Moderate,162.4,5.338122849425214,19,127.49473684210527,22.884382682524652,19
20-39,Female,Non-Hispanic Black,College+,No,Sedentary,161.70453608247422,7.508608010641951,485,86.66494845360825,23.783764347482787,485
20-39,Female,Non-Hispanic Black,College+,Yes,Heavy,161.62456140350878,9.379732723532825,57,75.48070175438596,9.497432709431289,57
20-39,Female,Non-Hispanic Black,College+,Yes,Light,164.125,11.967755592133534,24,95.1375,31.205180903455613,24
20-39,Female,Non-Hispanic Black,College+,Yes,Sedentary,163.53725490196078,6.461997385608363,102,98.62450980392155,18.407803103680337,102
20-39,Female,Non-Hispanic Black,High School,No,Heavy,156.2375,4.0500000000000025,16,98.3625,16.75,16
20-39,Female,Non-Hispanic Black,High School,No,Light,160.09230769230768,1.4528486606557407,13,104.26153846153846,29.52396028261166,13
20-39,Female,Non-Hispanic Black,High School,No,Moderate,159.1,1.7441631985447605,20,111.45,31.65143216182701,20
20-39,Female,Non-Hispanic Black,High School,No,Sedentary,162.57351351351352,5.561504046752529,185,75.4627027027027,18.489002702054226,185
20-39,Female,Non-Hispanic Black,High School,Yes,Moderate,167.3,0.0,19,80.1,0.0,19
20-39,Female,Non-Hispanic Black,High School,Yes,Sedentary,162.65217391304347,6.041954765744645,46,75.89782608695653,11.309140632061693,46
20-39,Female,Non-Hispanic Black,Less than HS,No,Heavy,152.97500000000002,0.601783064852163,8,74.325,19.118185060303194,8
20-39,Female,Non-Hispanic Black,Less than HS,No,Light,163.7,0.0,15,113.0,0.0,15
20-39,Female,Non-Hispanic Black,Less than HS,No,Moderate,159.75652173913045,2.0958456932609604,23,83.1695652173913,4.04198812271754,23
20-39,Female,Non-Hispanic Black,Less than HS,No,Sedentary,164.5,0.0,7,69.9,0.0,7
20-39,Female,Non-Hispanic Black,Less than HS,Yes,Heavy,170.5,0.0,10,93.0,0.0,10
20-39,Female,Non-Hispanic Black,Less than HS,Yes,Moderate,158.8,0.0,11,123.9,0.0,11
20-39,Female,Non-Hispanic Black,Less than HS,Yes,Sedentary,165.97826086956522,3.0134481188859596,23,90.61739130434782,14.505411284129078,23
20-39,Female,Non-Hispanic White,College+,No,Heavy,164.73615384615385,5.716898738345543,390,69.99846153846154,12.292378464769909,390
20-39,Female,Non-Hispanic White,College+,No,Light,168.72870090634441,5.828409352470785,331,75.60392749244714,17.03769660899563,331
20-39,Female,Non-Hispanic White,College+,No,Moderate,165.72898550724636,6.181266764774568,138,71.29579710144927,16.60173809437289,138
20-39,Female,Non-Hispanic White,College+,No,Sedentary,165.3375744680851,6.309140192438669,2350,80.60068085106383,26.906128691005073,2350
20-39,Female,Non-Hispanic White,College+,Unknown,Sedentary,162.7,0.0,16,108.1,0.0,16
20-39,Female,Non-Hispanic White,College+,Yes,Heavy,162.0655737704918,3.5782116243169813,122,89.45081967213115,18.525953409630716,122
20-39,Female,Non-Hispanic White,College+,Yes,Light,160.7,0.0,12,66.6,0.0,12
20-39,Female,Non-Hispanic White,College+,Yes,Moderate,166.85263157894738,3.846906524680641,95,82.09894736842105,8.96982524008278,95
20-39,Female,Non-Hispanic White,College+,Yes,Sedentary,164.98742603550295,5.83045937092461,676,83.40014792899409,24.487549973033,676
20-39,Female,Non-Hispanic White,High School,No,Heavy,156.33870967741936,6.365283784092907,62,82.70967741935483,14.653603704672115,62
20-39,Female,Non-Hispanic White,High School,No,Light,158.1,0.0,22,63.0,0.0,22
20-39,Female,Non-Hispanic White,High School,No,Sedentary,166.96388888888887,4.434836837785344,144,102.65347222222222,27.675481848590668,144
20-39,Female,Non-Hispanic White,High School,Yes,Heavy,163.29850746268656,2.758045670469946,67,89.92985074626866,21.97325519618747,67
20-39,Female,Non-Hispanic White,High School,Yes,Sedentary,162.7816,5.489467686749884,125,96.66640000000001,32.02262039206338,125
20-39,Female,Non-Hispanic White,Less than HS,No,Heavy,158.4842105263158,5.220154616939144,38,57.0578947368421,10.995936143152878,38
20-39,Female,Non-Hispanic White,Less than HS,No,Sedentary,160.39,3.9865593150502483,30,84.28666666666666,16.313136938725464,30
20-39,Female,Non-Hispanic White,Less than HS,Yes,Heavy,167.2774193548387,7.969136702613794,31,82.09354838709677,25.969109026994243,31
20-39,Female,Non-Hispanic White,Less than HS,Yes,Sedentary,157.3272727272727,3.0620227116533085,44,63.29545454545455,3.8926259771375196,44
20-39,Female,Other Hispanic,College+,No,Heavy,160.54234234234235,6.239253299576942,111,69.8099099099099,17.222785937424753,111
20-39,Female,Other Hispanic,College+,No,Moderate,156.07586206896553,7.517344476628416,29,66.06896551724138,18.59771689997528,29
20-39,Female,Other Hispanic,College+,No,Sedentary,161.33577981651374,4.294236135587967,436,74.66055045871559,19.716946527947826,436
20-39,Female,Other Hispanic,College+,Yes,Heavy,157.68636363636364,5.887864472960303,22,86.26363636363637,24.557930451321585,22
20-39,Female,Other Hispanic,College+,Yes,Moderate,154.4,0.0,15,58.6,0.0,15
20-39,Female,Other Hispanic,College+,Yes,Sedentary,160.3418918918919,6.798871920062367,74,69.1837837837838,10.83313065246756,74
20-39,Female,Other Hispanic,High School,No,Heavy,159.39454545454547,8.846560708186905,55,84.39636363636365,17.678538606817224,55
20-39,Female,Other Hispanic,High School,No,Moderate,158.4,0.0,10,52.2,0.0,10
20-39,Female,Other Hispanic,High School,No,Sedentary,156.76423357664234,8.319411542629021,137,77.01167883211679,23.47563212734529,137
20-39,Female,Other Hispanic,High School,Yes,Heavy,148.8,0.0,15,62.1,0.0,15
20-39,Female,Other Hispanic,High School,Yes,Sedentary,159.9090909090909,4.1427881435928615,55,73.62181818181818,18.553992192049297,55
20-39,Female,Other Hispanic,Less than HS,No,Heavy,161.56714285714287,4.846176482654688,70,89.02571428571429,15.760247972321643,70
20-39,Female,Other Hispanic,Less than HS,No,Sedentary,155.56184210526317,5.737129761016132,76,66.88421052631578,7.240737579953738,76
20-39,Female,Other Hispanic,Less than HS,Yes,Heavy,154.2,0.0,10,65.7,0.0,10
20-39,Female,Other Hispanic,Less than HS,Yes,Sedentary,151.5,0.0,10,59.0,0.0,10
20-39,Female,Other/Multi-Racial,College+,No,Heavy,159.9895061728395,7.503420404525021,162,76.13209876543209,23.965909158198116,162
20-39,Female,Other/Multi-Racial,College+,No,Light,158.89166666666668,4.599502422568221,72,61.1875,12.261044891484,72
20-39,Female,Other/Multi-Racial,College+,No,Moderate,158.8020618556701,2.1717878282958463,97,69.00515463917526,6.827798131139178,97
20-39,Female,Other/Multi-Racial,College+,No,Sedentary,159.93598937583002,7.874346873280228,753,65.79654714475431,16.769403298809014,753
20-39,Female,Other/Multi-Racial,College+,Yes,Heavy,160.2,0.0,9,80.7,0.0,9
20-39,Female,Other/Multi-Racial,College+,Yes,Light,163.0775,0.8591849148749663,40,55.915,17.455019849565286,40
20-39,Female,Other/Multi-Racial,College+,Yes,Sedentary,161.7910569105691,3.7066623254749174,123,74.77235772357723,9.738796007426364,123
20-39,Female,Other/Multi-Racial,High School,No,Heavy,163.99687500000002,2.9436080970523624,32,99.046875,54.673901212464465,32
20-39,Female,Other/Multi-Racial,High School,No,Sedentary,155.87142857142857,6.541493931598728,21,77.81428571428572,20.13157434763327,21
20-39,Female,Other/Multi-Racial,High School,Yes,Sedentary,164.22093023255815,8.238601306958392,43,68.80697674418604,25.99766835102568,43
20-39,Female,Other/Multi-Racial,Less than HS,No,Heavy,166.88333333333335,3.803972036179092,42,99.96428571428571,41.503345862352305,42
20-39,Female,Other/Multi-Racial,Less than HS,No,Sedentary,153.15,9.260129588726077,28,65.575,4.982831635838319,28
20-39,Male,Mexican American,College+,No,Moderate,168.5,0.0,11,58.2,0.0,11
20-39,Male,Mexican American,College+,No,Sedentary,173.13941908713693,5.9701952503918125,241,87.02614107883817,16.398354250656187,241
20-39,Male,Mexican American,College+,Yes,Moderate,170.0,0.0,15,91.6,0.0,15
20-39,Male,Mexican American,College+,Yes,Sedentary,175.79435483870967,5.41200566069917,124,88.22258064516129,18.657990893459974,124
20-39,Male,Mexican American,High School,No,Light,173.33636363636361,2.37655451518296,33,104.31818181818181,35.24379781026598,33
20-39,Male,Mexican American,High School,No,Sedentary,174.5681818181818,5.543838776547823,88,101.99318181818181,24.387205970488324,88
20-39,Male,Mexican American,High School,Yes,Light,183.4,0.0,6,94.7,0.0,6
20-39,Male,Mexican American,Less than HS,No,Light,182.3,0.0,17,127.1,0.0,17
20-39,Male,Mexican American,Less than HS,No,Moderate,158.2,0.0,18,63.0,0.0,18
20-39,Male,Mexican American,Less than HS,No,Sedentary,165.15857142857143,5.072217388278469,70,88.47285714285715,21.733017167358234,70
20-39,Male,Mexican American,Less than HS,Yes,Heavy,172.7,0.0,22,109.9,0.0,22
20-39,Male,Mexican American,Less than HS,Yes,Light,183.5,0.0,18,94.2,0.0,18
20-39,Male,Mexican American,Less than HS,Yes,Sedentary,178.5,0.0,9,78.1,0.0,9
20-39,Male,Non-Hispanic Black,College+,No,Heavy,179.6,0.0,16,138.1,0.0,16
20-39,Male,Non-Hispanic Black,College+,No,Light,174.8,0.0,16,74.7,0.0,16
20-39,Male,Non-Hispanic Black,College+,No,Moderate,174.7,0.0,20,125.4,0.0,20
20-39,Male,Non-Hispanic Black,College+,No,Sedentary,183.4338926174497,6.5028736679480135,298,104.73959731543624,29.161792536554454,298
20-39,Male,Non-Hispanic Black,College+,Yes,Heavy,175.8,0.0,21,98.9,0.0,21
20-39,Male,Non-Hispanic Black,College+,Yes,Sedentary,175.20434782608694,3.6070445525764763,115,78.87217391304347,16.269806001852327,115
20-39,Male,Non-Hispanic Black,High School,No,Heavy,182.4,0.0,16,104.9,0.0,16
20-39,Male,Non-Hispanic Black,High School,No,Moderate,165.7478260869565,0.8468495440145399,23,120.81739130434781,19.759822693672522,23
20-39,Male,Non-Hispanic Black,High School,No,Sedentary,171.47653061224491,10.148158138916397,98,85.7204081632653,24.232886231099606,98
20-39,Male,Non-Hispanic Black,High School,Yes,Heavy,170.6,0.0,2,104.2,0.0,2
20-39,Male,Non-Hispanic Black,High School,Yes,Moderate,170.2,0.0,11,74.8,0.0,11
20-39,Male,Non-Hispanic Black,High School,Yes,Sedentary,169.03333333333333,10.066552348767472,57,77.36842105263158,14.370532323060283,57
20-39,Male,Non-Hispanic Black,Less than HS,No,Moderate,176.59375,9.047686168297405,16,101.68125,17.18581658422627,16
20-39,Male,Non-Hispanic Black,Less than HS,Yes,Heavy,178.8,0.0,8,97.5,0.0,8
20-39,Male,Non-Hispanic Black,Less than HS,Yes,Light,172.6,0.0,17,106.0,0.0,17
20-39,Male,Non-Hispanic Black,Less than HS,Yes,Sedentary,166.5,0.0,8,55.2,0.0,8
20-39,Male,Non-Hispanic White,College+,No,Heavy,180.05408805031445,7.440113158748511,159,90.52704402515722,24.434440016673786,159
20-39,Male,Non-Hispanic White,College+,No,Light,175.3265306122449,3.996601447386487,49,87.55714285714286,16.81204925046319,49
20-39,Male,Non-Hispanic White,College+,No,Moderate,175.94444444444446,3.8286472392399524,36,87.6,12.354663665422633,36
20-39,Male,Non-Hispanic White,College+,No,Sedentary,179.8157320872274,6.707334745325295,1926,90.26692627206646,22.901480734790685,1926
20-39,Male,Non-Hispanic White,College+,Yes,Heavy,179.96875,4.078553692821159,112,87.26160714285713,17.910413929430895,112
20-39,Male,Non-Hispanic White,College+,Yes,Light,181.20238095238096,4.583506384654115,42,65.8952380952381,9.167012769308203,42
20-39,Male,Non-Hispanic White,College+,Yes,Moderate,176.25,4.2652284713768145,24,90.875,5.324043086096188,24
20-39,Male,Non-Hispanic White,College+,Yes,Sedentary,178.4169653524492,6.8788333455729855,837,89.92831541218638,17.521867367217656,837
20-39,Male,Non-Hispanic White,High School,No,Heavy,166.6086206896552,11.478970619579892,58,109.11379310344829,19.40766215370188,58
20-39,Male,Non-Hispanic White,High School,No,Moderate,179.9848484848485,6.44772834086361,33,127.13636363636364,35.871627177528985,33
20-39,Male,Non-Hispanic White,High School,No,Sedentary,175.76340206185566,5.7453248191832715,194,98.62938144329897,27.188669398425077,194
20-39,Male,Non-Hispanic White,High School,Yes,Heavy,172.11521739130436,4.261557742907559,46,74.82391304347826,16.65259652470127,46
20-39,Male,Non-Hispanic White,High School,Yes,Moderate,176.63478260869564,4.341408306869604,23,90.98695652173915,21.451664575120464,23
20-39,Male,Non-Hispanic White,High School,Yes,Sedentary,176.0487012987013,6.00959186474276,154,90.34155844155845,18.786564178524415,154
20-39,Male,Non-Hispanic White,Less than HS,No,Moderate,168.9,0.0,7,72.6,0.0,7
20-39,Male,Non-Hispanic White,Less than HS,No,Sedentary,184.06666666666666,2.10360235242854,36,87.39999999999999,16.637582241934766,36
20-39,Male,Non-Hispanic White,Less than HS,Yes,Heavy,175.43478260869566,1.1687634085384213,23,92.76521739130435,23.57006207219141,23
20-39,Male,Non-Hispanic White,Less than HS,Yes,Moderate,166.0,0.0,9,109.4,0.0,9
20-39,Male,Non-Hispanic White,Less than HS,Yes,Sedentary,165.84814814814817,4.822732258662757,27,56.407407407407405,8.935922574122507,27
20-39,Male,Other Hispanic,College+,No,Heavy,179.5431818181818,5.602217074714266,44,79.54545454545455,12.931707104083088,44
20-39,Male,Other Hispanic,College+,No,Light,167.2,0.0,13,82.5,0.0,13
20-39,Male,Other Hispanic,College+,No,Moderate,186.1,0.0,9,132.9,0.0,9
20-39,Male,Other Hispanic,College+,No,Sedentary,174.0610894941634,7.729097541651669,257,81.59221789883269,19.242701988736787,257
20-39,Male,Other Hispanic,College+,Yes,Heavy,171.24714285714285,2.657159943398846,70,93.42857142857143,18.254807926197437,70
20-39,Male,Other Hispanic,College+,Yes,Moderate,172.6,0.0,14,73.3,0.0,14
20-39,Male,Other Hispanic,College+,Yes,Sedentary,172.1038961038961,8.918954410609834,77,76.18051948051948,10.719878717904843,77
20-39,Male,Other Hispanic,High School,No,Heavy,178.00833333333335,3.5628416439283424,24,105.10416666666667,12.775332180371702,24
20-39,Male,Other Hispanic,High School,No,Moderate,178.9,0.0,25,76.6,0.0,25
20-39,Male,Other Hispanic,High School,No,Sedentary,172.35978260869567,6.711758744675424,92,90.9586956521739,15.61118331305565,92
20-39,Male,Other Hispanic,High School,Unknown,Heavy,160.3,0.0,9,73.6,0.0,9
20-39,Male,Other Hispanic,High School,Yes,Sedentary,170.4,0.0,24,84.2,0.0,24
20-39,Male,Other Hispanic,Less than HS,No,Light,175.1,0.0,14,85.4,0.0,14
20-39,Male,Other Hispanic,Less than HS,No,Moderate,185.4,0.0,11,96.0,0.0,11
20-39,Male,Other Hispanic,Less than HS,No,Sedentary,169.6984375,8.403409969003219,64,74.109375,12.072475828058122,64
20-39,Male,Other Hispanic,Less than HS,Yes,Heavy,171.1,0.0,8,130.1,0.0,8
20-39,Male,Other Hispanic,Less than HS,Yes,Sedentary,168.24153846153848,5.751246938373779,65,103.34307692307692,28.191510076344187,65
20-39,Male,Other/Multi-Racial,College+,No,Heavy,170.7,0.0,16,67.8,0.0,16
20-39,Male,Other/Multi-Racial,College+,No,Light,174.16486486486488,6.579438350574399,37,64.57297297297296,9.49247212411114,37
20-39,Male,Other/Multi-Racial,College+,No,Moderate,175.87894736842108,0.4048075249920485,38,90.12105263157895,10.170789065425128,38
20-39,Male,Other/Multi-Racial,College+,No,Sedentary,173.5488752556237,7.0046591463787875,489,79.460327198364,18.763438372666485,489
20-39,Male,Other/Multi-Racial,College+,Yes,Heavy,186.19999999999996,0.0,12,110.8,0.0,12
20-39,Male,Other/Multi-Racial,College+,Yes,Light,185.3,0.0,9,148.1,0.0,9
20-39,Male,Other/Multi-Racial,College+,Yes,Moderate,183.6,0.0,21,92.3,0.0,21
20-39,Male,Other/Multi-Racial,College+,Yes,Sedentary,175.64766355140185,5.964823706363697,107,92.02242990654206,28.39437663039164,107
20-39,Male,Other/Multi-Racial,High School,No,Heavy,182.9,0.0,16,79.3,0.0,16
20-39,Male,Other/Multi-Racial,High School,No,Sedentary,172.30517241379312,4.805421733826013,58,92.52413793103447,21.85310054957337,58
20-39,Male,Other/Multi-Racial,High School,Yes,Heavy,169.6,0.0,9,66.5,0.0,9
20-39,Male,Other/Multi-Racial,High School,Yes,Moderate,179.7,0.0,21,104.70000000000002,0.0,21
20-39,Male,Other/Multi-Racial,High School,Yes,Sedentary,172.72,10.395967387936297,30,81.39333333333335,16.43524248078801,30
20-39,Male,Other/Multi-Racial,Less than HS,No,Heavy,176.4842105263158,4.65330607933695,38,65.23684210526316,6.254443655022797,38
20-39,Male,Other/Multi-Racial,Less than HS,Yes,Heavy,175.10909090909092,2.8960160722808634,11,100.76363636363637,23.35496832484569,11
20-39,Male,Other/Multi-Racial,Less than HS,Yes,Sedentary,174.79666666666665,2.6770394524334393,30,91.16666666666667,12.261471288590107,30
40-59,Female,Mexican American,College+,No,Heavy,158.71509433962262,6.836231103854,106,78.87264150943396,21.364106672368866,106
40-59,Female,Mexican American,College+,No,Light,160.4,0.0,37,101.2,0.0,37
40-59,Female,Mexican American,College+,No,Moderate,156.6,0.0,8,127.0,0.0,8
40-59,Female,Mexican American,College+,No,Sedentary,158.3758389261745,5.844755351488131,298,75.27013422818791,13.011319106752666,298
40-59,Female,Mexican American,College+,Yes,Heavy,155.9,0.0,16,56.8,0.0,16
40-59,Female,Mexican American,College+,Yes,Moderate,168.9,0.0,20,108.5,0.0,20
40-59,Female,Mexican American,College+,Yes,Sedentary,155.0,0.0,17,101.1,0.0,17
40-59,Female,Mexican American,High School,No,Heavy,161.91111111111113,2.620553679530649,36,72.01111111111112,4.888340517586003,36
40-59,Female,Mexican American,High School,No,Light,149.3,0.0,22,84.1,0.0,22
40-59,Female,Mexican American,High School,No,Sedentary,150.76,1.7742347902431301,45,61.80888888888889,5.762134319780456,45
40-59,Female,Mexican American,High School,Yes,Heavy,157.0,0.0,7,68.4,0.0,7
40-59,Female,Mexican American,High School,Yes,Sedentary,151.8,0.0,25,75.2,0.0,25
40-59,Female,Mexican American,Less than HS,No,Heavy,153.44457142857144,4.881216839325246,175,70.53028571428571,15.903796533242367,175
40-59,Female,Mexican American,Less than HS,No,Light,148.6,0.7611243951074006,30,61.406666666666666,2.94301432774856,30
40-59,Female,Mexican American,Less than HS,No,Moderate,145.5,0.0,5,49.4,0.0,5
40-59,Female,Mexican American,Less than HS,No,Sedentary,155.9320895522388,6.033647517701078,134,75.36119402985075,12.796903469714723,134
40-59,Female,Mexican American,Less than HS,Yes,Heavy,161.83076923076922,0.9922778767136582,26,82.70769230769231,0.24806946917842446,26
40-59,Female,Mexican American,Less than HS,Yes,Sedentary,153.54285714285712,1.773675095655265,42,73.90238095238095,12.741108580156421,42
40-59,Female,Non-Hispanic Black,College+,No,Heavy,162.64545454545456,3.504379174785955,55,82.32727272727273,21.116269438914507,55
40-59,Female,Non-Hispanic Black,College+,No,Light,155.2,0.0,11,105.9,0.0,11
40-59,Female,Non-Hispanic Black,College+,No,Moderate,163.9595238095238,2.8169400041932304,42,100.14285714285714,13.763084999766642,42
40-59,Female,Non-Hispanic Black,College+,No,Sedentary,161.36796536796535,6.696884030737036,462,92.6339826839827,20.76561568915807,462
40-59,Female,Non-Hispanic Black,College+,Yes,Heavy,159.90104166666666,6.060232665182088,96,77.79791666666667,9.590389698099008,96
40-59,Female,Non-Hispanic Black,College+,Yes,Moderate,159.66666666666666,4.1412733461504585,24,59.6,8.812244445878308,24
40-59,Female,Non-Hispanic Black,College+,Yes,Sedentary,158.44375,4.905043742304849,80,68.86,7.660082294564051,80
40-59,Female,Non-Hispanic Black,High School,No,Heavy,168.44500000000002,2.7244296557541237,60,99.91166666666666,14.689579976534594,60
40-59,Female,Non-Hispanic Black,High School,No,Light,160.8,0.0,11,104.9,0.0,11
40-59,Female,Non-Hispanic Black,High School,No,Sedentary,163.06851851851852,7.082876492392581,162,92.56851851851852,24.577084899137372,162
40-59,Female,Non-Hispanic Black,High School,Yes,Heavy,160.26216216216216,7.298464892123721,74,85.92702702702704,20.59668344958836,74
40-59,Female,Non-Hispanic Black,High School,Yes,Sedentary,164.32500000000002,4.861060490356931,56,94.75178571428572,19.131021842892945,56
40-59,Female,Non-Hispanic Black,Less than HS,No,Heavy,161.03513513513514,3.9847777169439986,37,96.23783783783784,34.80035401601024,37
40-59,Female,Non-Hispanic Black,Less than HS,No,Sedentary,171.19999999999996,0.0,12,124.8,0.0,12
40-59,Female,Non-Hispanic Black,Less than HS,Unknown,Sedentary,164.8,0.0,49,50.1,0.0,49
40-59,Female,Non-Hispanic Black,Less than HS,Yes,Heavy,165.3095238095238,4.1967356375657445,42,111.23809523809524,37.775130239035235,42
40-59,Female,Non-Hispanic Black,Less than HS,Yes,Moderate,159.8,0.0,33,85.8,0.0,33
40-59,Female,Non-Hispanic Black,Less than HS,Yes,Sedentary,165.27837837837836,1.9887370552878791,37,86.8027027027027,9.564328590203361,37
40-59,Female,Non-Hispanic White,College+,No,Heavy,163.37887850467288,7.8404133269169325,535,76.09794392523365,17.69482180218501,535
40-59,Female,Non-Hispanic White,College+,No,Light,164.90439024390244,4.176184843486097,205,70.05414634146342,15.078323126654778,205
40-59,Female,Non-Hispanic White,College+,No,Moderate,166.00422535211266,9.694319936653896,71,94.80422535211268,36.95429005298193,71
40-59,Female,Non-Hispanic White,College+,No,Sedentary,164.79477896341464,6.07199964964204,2624,81.86192835365854,23.464391680821866,2624
40-59,Female,Non-Hispanic White,College+,Yes,Heavy,162.7082978723404,6.169081314163653,470,81.02127659574468,20.000779688109326,470
40-59,Female,Non-Hispanic White,College+,Yes,Light,165.1978021978022,4.490953326707127,91,74.25824175824175,13.392220510713296,91
40-59,Female,Non-Hispanic White,College+,Yes,Moderate,160.2972027972028,7.550421535251664,143,73.31328671328671,12.727967640130228,143
40-59,Female,Non-Hispanic White,College+,Yes,Sedentary,162.97054707379135,6.208142654554365,1572,83.69185750636133,21.985147115338055,1572
40-59,Female,Non-Hispanic White,High School,No,Heavy,156.9125,5.463050488044276,64,78.853125,15.530543063819204,64
40-59,Female,Non-Hispanic White,High School,No,Light,163.5,0.0,14,64.3,0.0,14
40-59,Female,Non-Hispanic White,High School,No,Sedentary,160.6622905027933,6.410788552506748,358,77.03491620111731,21.944837486066668,358
40-59,Female,Non-Hispanic White,High School,Yes,Heavy,159.6008032128514,6.0871956568810015,249,81.87791164658634,19.63063033206267,249
40-59,Female,Non-Hispanic White,High School,Yes,Light,165.6206896551724,5.157614295551266,29,98.48965517241379,31.256317588010308,29
40-59,Female,Non-Hispanic White,High School,Yes,Moderate,163.6,0.0,16,80.4,0.0,16
40-59,Female,Non-Hispanic White,High School,Yes,Sedentary,163.36545454545455,5.866246290213288,330,81.36939393939394,19.031043339076916,330
40-59,Female,Non-Hispanic White,Less than HS,No,Moderate,164.3,0.0,4,69.7,0.0,4
40-59,Female,Non-Hispanic White,Less than HS,No,Sedentary,174.0,0.0,27,89.3,0.0,27
40-59,Female,Non-Hispanic White,Less than HS,Yes,Heavy,161.29615384615386,5.50197151199307,130,80.63230769230768,21.721875571741123,130
40-59,Female,Non-Hispanic White,Less than HS,Yes,Sedentary,158.07647058823528,2.4289576558922708,51,95.87843137254902,15.583726303108511,51
40-59,Female,Other Hispanic,College+,No,Heavy,159.64000000000001,9.956614140239381,110,75.08181818181818,13.558647207412665,110
40-59,Female,Other Hispanic,College+,No,Light,162.6258064516129,3.9116039116058574,31,77.82903225806453,3.8100038100057176,31
40-59,Female,Other Hispanic,College+,No,Moderate,156.78085106382977,2.271337309381415,47,77.98510638297871,12.214851593243301,47
40-59,Female,Other Hispanic,College+,No,Sedentary,159.83801020408163,7.065470889830085,392,69.58341836734694,14.728277360702423,392
40-59,Female,Other Hispanic,College+,Yes,Heavy,157.69264705882352,3.5719185102298368,68,76.45588235294117,6.753647601574353,68
40-59,Female,Other Hispanic,College+,Yes,Moderate,157.1,0.0,27,71.9,0.0,27
40-59,Female,Other Hispanic,College+,Yes,Sedentary,159.40800000000002,2.9084109156125515,75,69.72666666666667,16.193862144997134,75
40-59,Female,Other Hispanic,High School,No,Heavy,152.18333333333334,7.410979047451633,84,70.83928571428571,8.722523370073606,84
40-59,Female,Other Hispanic,High School,No,Sedentary,156.65855855855855,5.608750767870257,111,86.78378378378379,13.469605788525511,111
40-59,Female,Other Hispanic,High School,Yes,Heavy,158.99583333333334,4.906572159319573,48,69.17291666666667,10.0825473728033,48
40-59,Female,Other Hispanic,High School,Yes,Sedentary,160.71272727272725,4.603261908909838,55,82.3290909090909,13.665564626668614,55
40-59,Female,Other Hispanic,Less than HS,No,Heavy,155.1126436781609,5.701709343813114,87,67.60229885057471,15.48831500294916,87
40-59,Female,Other Hispanic,Less than HS,No,Moderate,156.6,0.0,13,88.1,0.0,13
40-59,Female,Other Hispanic,Less than HS,No,Sedentary,155.01749999999998,3.9091186808230276,80,62.473749999999995,8.653129144265776,80
40-59,Female,Other Hispanic,Less than HS,Yes,Heavy,160.36582278481015,3.612722748911095,79,100.10886075949368,12.259744317756953,79
40-59,Female,Other Hispanic,Less than HS,Yes,Sedentary,155.3793103448276,0.5320978094464792,29,60.57241379310345,14.269895798791753,29
40-59,Female,Other/Multi-Racial,College+,No,Heavy,156.8714285714286,6.658710078793012,133,63.2187969924812,17.724324795345517,133
40-59,Female,Other/Multi-Racial,College+,No,Light,161.88795180722892,4.595819882011586,83,81.86506024096386,17.72287645083181,83
40-59,Female,Other/Multi-Racial,College+,No,Moderate,160.3,0.0,13,71.7,0.0,13
40-59,Female,Other/Multi-Racial,College+,No,Sedentary,158.90978043912176,6.608812612844799,501,67.74770459081836,13.357133664097203,501
40-59,Female,Other/Multi-Racial,College+,Yes,Heavy,160.57142857142858,1.189012195059392,49,68.21836734693878,9.499159468723791,49
40-59,Female,Other/Multi-Racial,College+,Yes,Light,153.37169811320754,6.628475209233222,53,73.51698113207547,40.563477016082494,53
40-59,Female,Other/Multi-Racial,College+,Yes,Sedentary,161.33054662379422,6.6827702887722085,311,82.64855305466239,17.395675848387597,311
40-59,Female,Other/Multi-Racial,High School,No,Heavy,156.98260869565217,5.1075391845524925,23,59.27391304347826,6.435499372536136,23
40-59,Female,Other/Multi-Racial,High School,No,Sedentary,147.2,0.0,6,43.0,0.0,6
40-59,Female,Other/Multi-Racial,High School,Yes,Heavy,167.04782608695652,5.9247454540808855,23,92.48695652173912,20.276930562673392,23
40-59,Female,Other/Multi-Racial,High School,Yes,Moderate,165.7,0.0,2,82.5,0.0,2
40-59,Female,Other/Multi-Racial,High School,Yes,Sedentary,159.19,4.9188178692414715,40,69.525,10.157320209885755,40
40-59,Female,Other/Multi-Racial,Less than HS,No,Heavy,156.14600000000002,6.944979393454697,50,69.58800000000001,5.071152507576754,50
40-59,Female,Other/Multi-Racial,Less than HS,Yes,Heavy,160.48,1.1057743178900807,20,85.42,18.195013776191256,20
40-59,Male,Mexican American,College+,No,Heavy,173.8,0.0,15,172.0,0.0,15
40-59,Male,Mexican American,College+,No,Sedentary,172.22444444444443,4.0436906834517155,45,86.06888888888889,11.818164413351598,45
40-59,Male,Mexican American,College+,Yes,Heavy,171.20000000000002,4.888080741286233,28,99.7,14.664242223858695,28
40-59,Male,Mexican American,College+,Yes,Sedentary,169.29210526315788,4.541415021323325,114,90.75087719298246,19.974183539591323,114
40-59,Male,Mexican American,High School,No,Heavy,178.30588235294115,6.54415960650689,34,93.31176470588237,15.636045472035597,34
40-59,Male,Mexican American,High School,No,Sedentary,165.25371900826448,5.479416655726424,121,94.58512396694215,23.556777726580172,121
40-59,Male,Mexican American,High School,Unknown,Sedentary,178.5,0.0,16,142.0,0.0,16
40-59,Male,Mexican American,High School,Yes,Heavy,178.04000000000002,4.697860655324082,20,109.55499999999999,12.087203977760941,20
40-59,Male,Mexican American,High School,Yes,Light,174.5,0.0,11,86.5,0.0,11
40-59,Male,Mexican American,High School,Yes,Sedentary,170.22957746478872,4.893651700087643,71,92.87605633802816,6.815915508965181,71
40-59,Male,Mexican American,Less than HS,No,Heavy,165.5,0.0,27,73.2,0.0,27
40-59,Male,Mexican American,Less than HS,No,Moderate,152.7,0.0,12,55.79999999999999,0.0,12
40-59,Male,Mexican American,Less than HS,No,Sedentary,158.9111111111111,10.930787819140324,90,75.46111111111111,19.67711095107139,90
40-59,Male,Mexican American,Less than HS,Yes,Heavy,166.5,0.0,6,112.3,0.0,6
40-59,Male,Mexican American,Less than HS,Yes,Light,163.6,0.0,15,78.0,0.0,15
40-59,Male,Mexican American,Less than HS,Yes,Sedentary,167.3622448979592,3.8828599117204656,98,78.48775510204082,12.82028245910204,98
40-59,Male,Non-Hispanic Black,College+,No,Heavy,183.1,0.0,20,113.9,0.0,20
40-59,Male,Non-Hispanic Black,College+,No,Light,173.5,0.0,19,133.7,0.0,19
40-59,Male,Non-Hispanic Black,College+,No,Moderate,174.97428571428568,5.349757835892357,70,111.22714285714285,32.37810998516097,70
40-59,Male,Non-Hispanic Black,College+,No,Sedentary,176.41470588235293,7.191268301666098,238,102.05630252100839,35.192233125320605,238
40-59,Male,Non-Hispanic Black,College+,Yes,Heavy,176.98620689655175,2.7364625824620266,58,113.51724137931035,42.86096714421183,58
40-59,Male,Non-Hispanic Black,College+,Yes,Light,176.59999999999997,0.0,13,117.20000000000002,0.0,13
40-59,Male,Non-Hispanic Black,College+,Yes,Moderate,183.0,0.0,17,78.0,0.0,17
40-59,Male,Non-Hispanic Black,College+,Yes,Sedentary,176.09125,7.014893298363229,160,88.593125,18.465017483774574,160
40-59,Male,Non-Hispanic Black,High School,No,Heavy,180.4,0.0,10,142.6,0.0,10
40-59,Male,Non-Hispanic Black,High School,No,Sedentary,174.975,3.828659865231722,56,84.08749999999999,16.66547942741086,56
40-59,Male,Non-Hispanic Black,High School,Yes,Heavy,174.28780487804877,3.017631117445541,41,86.15365853658537,18.292677463413813,41
40-59,Male,Non-Hispanic Black,High School,Yes,Moderate,173.4,0.0,8,68.6,0.0,8
40-59,Male,Non-Hispanic Black,High School,Yes,Sedentary,176.81881188118814,5.264175393569028,101,78.66831683168317,16.090562020594987,101
40-59,Male,Non-Hispanic Black,Less than HS,No,Heavy,174.48,6.987423103881234,50,107.65,17.84795477907535,50
40-59,Male,Non-Hispanic Black,Less than HS,No,Sedentary,172.38235294117646,1.2807396759869145,17,93.4764705882353,1.0837028027581594,17
40-59,Male,Non-Hispanic Black,Less than HS,Yes,Heavy,177.26142857142858,7.636853682079452,70,91.63714285714286,26.205731043886438,70
40-59,Male,Non-Hispanic Black,Less than HS,Yes,Sedentary,173.50322580645158,8.879631652047548,62,77.94032258064516,17.80798733739975,62
40-59,Male,Non-Hispanic White,College+,No,Heavy,179.08709677419355,7.3923526273518165,248,92.25685483870969,19.730480370608223,248
40-59,Male,Non-Hispanic White,College+,No,Light,178.00322580645164,2.902646269050202,124,83.28548387096774,9.974517887148147,124
40-59,Male,Non-Hispanic White,College+,No,Moderate,181.3290322580645,8.435607339087696,62,101.28387096774193,17.729869152923804,62
40-59,Male,Non-Hispanic White,College+,No,Sedentary,178.127181913775,6.513005832465423,1902,97.78417455310199,25.415599653800346,1902
40-59,Male,Non-Hispanic White,College+,Yes,Heavy,178.74670487106016,7.287524513592503,349,98.26275071633239,26.916343140255893,349
40-59,Male,Non-Hispanic White,College+,Yes,Light,174.18333333333334,2.8870844134275857,66,97.57727272727271,25.096777577116246,66
40-59,Male,Non-Hispanic White,College+,Yes,Moderate,174.44,1.9432642285775252,30,95.36,8.271329793432491,30
40-59,Male,Non-Hispanic White,College+,Yes,Sedentary,177.661800486618,7.4605233140345435,1233,93.05271695052717,19.720360247160123,1233
40-59,Male,Non-Hispanic White,High School,No,Heavy,173.70166666666668,2.8798241275552763,60,84.765,21.63635378442371,60
40-59,Male,Non-Hispanic White,High School,No,Moderate,173.7,0.0,18,66.4,0.0,18
40-59,Male,Non-Hispanic White,High School,No,Sedentary,176.4455882352941,5.767690484695009,272,100.08749999999999,24.434791412355338,272
40-59,Male,Non-Hispanic White,High School,Yes,Heavy,178.8363184079602,5.252773017950562,201,92.41293532338308,25.458447160830445,201
40-59,Male,Non-Hispanic White,High School,Yes,Moderate,176.45636363636365,4.480482928516459,55,87.02727272727273,27.22097812040651,55
40-59,Male,Non-Hispanic White,High School,Yes,Sedentary,177.6914373088685,7.402357447500551,327,88.0737003058104,17.509965070111747,327
40-59,Male,Non-Hispanic White,Less than HS,No,Heavy,174.90967741935484,6.3082673183006275,31,113.41935483870968,16.420341436865005,31
40-59,Male,Non-Hispanic White,Less than HS,No,Moderate,182.9,0.0,28,108.9,0.0,28
40-59,Male,Non-Hispanic White,Less than HS,No,Sedentary,180.97272727272727,5.133010053349999,22,119.7,9.964078338855892,22
40-59,Male,Non-Hispanic White,Less than HS,Yes,Heavy,171.29124087591242,6.734759204094869,137,96.59562043795621,30.05935517637694,137
40-59,Male,Non-Hispanic White,Less than HS,Yes,Sedentary,169.75079365079367,5.894964308515275,63,122.42539682539683,42.960439297079525,63
40-59,Male,Other Hispanic,College+,No,Heavy,169.9240506329114,3.956792769787721,79,79.8367088607595,17.832210680324632,79
40-59,Male,Other Hispanic,College+,No,Moderate,170.0,0.0,7,91.7,0.0,7
40-59,Male,Other Hispanic,College+,No,Sedentary,173.2948717948718,9.58079128107255,234,89.78461538461538,16.73578374551841,234
40-59,Male,Other Hispanic,College+,Yes,Heavy,169.7,0.0,15,79.5,0.0,15
40-59,Male,Other Hispanic,College+,Yes,Moderate,168.6967741935484,0.5564673521227455,31,84.33225806451614,7.132899695391496,31
40-59,Male,Other Hispanic,College+,Yes,Sedentary,170.68057142857143,6.880588196111304,175,86.57942857142856,25.47076145950028,175
40-59,Male,Other Hispanic,High School,No,Heavy,156.4,0.0,11,43.0,0.0,11
40-59,Male,Other Hispanic,High School,No,Sedentary,173.24900000000002,6.773276291217694,100,78.837,10.884301131037818,100
40-59,Male,Other Hispanic,High School,Yes,Heavy,170.3,0.0,12,59.9,0.0,12
40-59,Male,Other Hispanic,High School,Yes,Moderate,164.8969696969697,4.617391366378104,33,80.98181818181818,17.76691895323748,33
40-59,Male,Other Hispanic,High School,Yes,Sedentary,169.90434782608696,3.1802834619811393,46,90.44347826086958,5.520291947751107,46
40-59,Male,Other Hispanic,Less than HS,No,Heavy,176.06666666666666,1.35819950020347,18,105.23333333333332,3.104456000465074,18
40-59,Male,Other Hispanic,Less than HS,No,Moderate,160.17058823529413,0.15478119799038548,34,88.18235294117646,13.85291722013892,34
40-59,Male,Other Hispanic,Less than HS,No,Sedentary,171.4913043478261,1.6467359018479035,23,99.57391304347826,3.7924826830436333,23
40-59,Male,Other Hispanic,Less than HS,Yes,Heavy,166.1,0.0,11,81.9,0.0,11
40-59,Male,Other Hispanic,Less than HS,Yes,Moderate,170.00434782608698,8.045070668138091,23,71.72173913043478,12.091129600651993,23
40-59,Male,Other Hispanic,Less than HS,Yes,Sedentary,169.44561403508771,4.606481077764179,57,99.38245614035088,15.420674003323985,57
40-59,Male,Other/Multi-Racial,College+,No,Heavy,173.45,6.0195684298488565,50,84.816,18.00687351756409,50
40-59,Male,Other/Multi-Racial,College+,No,Light,176.6891304347826,0.7755222644184389,46,80.15217391304348,6.033673623200411,46
40-59,Male,Other/Multi-Racial,College+,No,Sedentary,173.02510917030568,8.825584606263888,458,84.80545851528385,25.179758827345974,458
40-59,Male,Other/Multi-Racial,College+,Yes,Heavy,172.0972602739726,6.217001166218379,73,82.26986301369863,24.154449123939337,73
40-59,Male,Other/Multi-Racial,College+,Yes,Moderate,175.95277777777775,5.518772436543239,36,77.74444444444445,22.68266102359049,36
40-59,Male,Other/Multi-Racial,College+,Yes,Sedentary,170.85721649484535,6.466123317813946,194,79.6618556701031,16.6874899207373,194
40-59,Male,Other/Multi-Racial,High School,No,Sedentary,165.85,11.645740674687422,30,95.8,28.173538575444667,30
40-59,Male,Other/Multi-Racial,High School,Yes,Heavy,172.54999999999998,2.8025334161053435,32,78.60625,16.656664606290537,32
40-59,Male,Other/Multi-Racial,High School,Yes,Light,162.6,0.0,20,86.4,0.0,20
40-59,Male,Other/Multi-Racial,High School,Yes,Sedentary,173.95087719298246,4.048858869528972,57,87.45964912280701,6.3170930150189335,57
40-59,Male,Other/Multi-Racial,Less than HS,No,Light,158.8,0.0,26,69.5,0.0,26
40-59,Male,Other/Multi-Racial,Less than HS,Yes,Heavy,178.17166666666665,6.461832968340676,60,84.39333333333333,12.535588209231038,60
40-59,Male,Other/Multi-Racial,Less than HS,Yes,Sedentary,155.4,0.0,22,79.3,0.0,22
60-79,Female,Mexican American,College+,No,Heavy,163.01416666666668,5.185456323498788,120,86.49083333333333,16.48546085093732,120
60-79,Female,Mexican American,College+,No,Light,159.2,0.0,25,55.9,0.0,25
60-79,Female,Mexican American,College+,No,Sedentary,154.12,1.8436096527530148,30,79.78,8.620120808818207,30
60-79,Female,Mexican American,College+,Yes,Heavy,163.52894736842103,3.8804365799751332,38,82.96052631578948,25.593849973621822,38
60-79,Female,Mexican American,College+,Yes,Moderate,162.9,0.0,20,64.4,0.0,20
60-79,Female,Mexican American,College+,Yes,Sedentary,157.7,0.0,15,109.0,0.0,15
60-79,Female,Mexican American,High School,No,Heavy,155.04999999999998,4.4463468150831424,28,82.72857142857143,11.96088864352717,28
60-79,Female,Mexican American,High School,Yes,Heavy,151.7,0.0,8,78.7,0.0,8
60-79,Female,Mexican American,High School,Yes,Sedentary,162.0,0.0,21,75.9,0.0,21
60-79,Female,Mexican American,Less than HS,No,Heavy,151.3212,5.568592952432354,250,74.2028,13.131000145429782,250
60-79,Female,Mexican American,Less than HS,No,Light,157.1,0.0,12,89.3,0.0,12
60-79,Female,Mexican American,Less than HS,No,Moderate,145.0,0.0,16,57.3,0.0,16
60-79,Female,Mexican American,Less than HS,No,Sedentary,153.18867924528303,3.494152278470122,53,78.5056603773585,9.623856877059774,53
60-79,Female,Mexican American,Less than HS,Yes,Heavy,161.65,2.133072900770163,28,71.83928571428571,4.418508151595315,28
60-79,Female,Non-Hispanic Black,College+,No,Heavy,162.26041666666666,5.9969316992233335,480,85.86208333333335,15.270572209609812,480
60-79,Female,Non-Hispanic Black,College+,No,Light,165.9727272727273,3.161909305237176,33,92.64242424242424,8.231002000934872,33
60-79,Female,Non-Hispanic Black,College+,No,Moderate,161.44285714285712,4.636364202246523,28,88.54285714285713,5.241107359061288,28
60-79,Female,Non-Hispanic Black,College+,No,Sedentary,163.76931216931217,6.587941115507466,189,77.76507936507937,16.448754968697887,189
60-79,Female,Non-Hispanic Black,College+,Yes,Heavy,160.75887096774193,8.741029058613549,248,84.63709677419355,26.267336184729672,248
60-79,Female,Non-Hispanic Black,College+,Yes,Moderate,167.7,0.0,9,91.3,0.0,9
60-79,Female,Non-Hispanic Black,College+,Yes,Sedentary,165.01333333333335,7.0209829972156355,90,83.32000000000001,15.088846986128086,90
60-79,Female,Non-Hispanic Black,High School,No,Heavy,160.93439999999998,5.596817989974572,125,81.18560000000001,14.1886125626015,125
60-79,Female,Non-Hispanic Black,High School,No,Moderate,163.4,0.0,18,101.1,0.0,18
60-79,Female,Non-Hispanic Black,High School,No,Sedentary,168.36666666666667,1.0737509843863253,18,92.56666666666666,12.271439821557921,18
60-79,Female,Non-Hispanic Black,High School,Yes,Heavy,158.05611510791366,3.9419908732295506,139,89.62086330935252,21.446946591295365,139
60-79,Female,Non-Hispanic Black,High School,Yes,Moderate,155.4,0.0,7,82.0,0.0,7
60-79,Female,Non-Hispanic Black,High School,Yes,Sedentary,168.9,0.0,16,83.2,0.0,16
60-79,Female,Non-Hispanic Black,Less than HS,No,Heavy,162.41770833333334,2.4962285148290473,96,80.15729166666667,17.42458483861941,96
60-79,Female,Non-Hispanic Black,Less than HS,No,Sedentary,164.87142857142857,2.687590530036677,21,75.88571428571429,13.590080416034553,21
60-79,Female,Non-Hispanic Black,Less than HS,Yes,Heavy,160.6225806451613,6.650093536993796,62,68.2290322580645,20.217954908631754,62
60-79,Female,Non-Hispanic Black,Less than HS,Yes,Sedentary,161.24848484848485,5.971658124639725,33,79.1878787878788,10.514149917366051,33
60-79,Female,Non-Hispanic White,College+,No,Heavy,160.40543116825538,6.218741021879071,4511,74.3154511194857,18.4382020099778,4511
60-79,Female,Non-Hispanic White,College+,No,Light,163.46864406779662,4.806886888400795,236,74.53855932203389,15.22373554266696,236
60-79,Female,Non-Hispanic White,College+,No,Moderate,167.21818181818182,5.359888906582776,33,76.43636363636364,14.309892080782314,33
60-79,Female,Non-Hispanic White,College+,No,Sedentary,161.78097796883398,6.467192915349979,1861,75.02815690488984,17.67897731828765,1861
60-79,Female,Non-Hispanic White,College+,Yes,Heavy,159.9379734848485,6.58638216273646,3168,74.55416666666667,18.098540964209093,3168
60-79,Female,Non-Hispanic White,College+,Yes,Light,162.99468085106383,2.360124245921925,94,69.75744680851064,16.236110619072985,94
60-79,Female,Non-Hispanic White,College+,Yes,Moderate,169.13846153846154,11.277604978776104,52,96.56923076923076,13.909025683890055,52
60-79,Female,Non-Hispanic White,College+,Yes,Sedentary,161.8217294900222,6.527526798607805,902,75.76330376940133,19.136285426581598,902
60-79,Female,Non-Hispanic White,High School,No,Heavy,159.12152713891444,6.2911478825753235,1087,77.44047838086477,16.030168351481354,1087
60-79,Female,Non-Hispanic White,High School,No,Light,166.3404255319149,5.996798405760682,47,79.9872340425532,19.332756804486642,47
60-79,Female,Non-Hispanic White,High School,No,Sedentary,163.70343511450383,5.5693492429570695,262,76.73625954198474,16.754481934174244,262
60-79,Female,Non-Hispanic White,High School,Yes,Heavy,156.93691335740073,6.233649995846401,1108,72.81326714801445,18.560684789335586,1108
60-79,Female,Non-Hispanic White,High School,Yes,Light,159.6,0.0,16,78.4,0.0,16
60-79,Female,Non-Hispanic White,High School,Yes,Moderate,162.58,2.5846606330880726,35,91.96,11.630972848896374,35
60-79,Female,Non-Hispanic White,High School,Yes,Sedentary,159.6374558303887,5.599203010724994,283,79.30212014134275,19.773866872513764,283
60-79,Female,Non-Hispanic White,Less than HS,No,Heavy,157.1704697986577,7.6759934779038295,298,77.43791946308725,17.937778870537638,298
60-79,Female,Non-Hispanic White,Less than HS,No,Sedentary,164.175,5.923819954821592,36,84.21388888888889,8.455366944061629,36
60-79,Female,Non-Hispanic White,Less than HS,Yes,Heavy,154.33512396694215,5.872451843009776,242,73.36404958677686,16.23825170354162,242
60-79,Female,Non-Hispanic White,Less than HS,Yes,Light,161.0,0.0,10,75.0,0.0,10
60-79,Female,Non-Hispanic White,Less than HS,Yes,Sedentary,164.06268656716418,5.383696933613461,67,72.87462686567164,8.879775169205077,67
60-79,Female,Other Hispanic,College+,No,Heavy,157.36758620689653,5.859365469367409,290,82.36068965517241,19.45027480099314,290
60-79,Female,Other Hispanic,College+,No,Moderate,159.1,0.0,21,71.2,0.0,21
60-79,Female,Other Hispanic,College+,No,Sedentary,156.82029702970297,6.714322251308659,202,71.40940594059407,20.625781110336327,202
60-79,Female,Other Hispanic,College+,Yes,Heavy,156.05393258426966,5.035601800718926,89,77.04157303370786,9.919789781826433,89
60-79,Female,Other Hispanic,College+,Yes,Light,158.09999999999997,0.0,26,56.39999999999999,0.0,26
60-79,Female,Other Hispanic,College+,Yes,Sedentary,158.58214285714286,0.612033018377622,56,70.51964285714286,2.024703762202098,56
60-79,Female,Other Hispanic,High School,No,Heavy,153.00625000000002,4.298938212540924,144,66.89166666666667,10.081149756827372,144
60-79,Female,Other Hispanic,High School,No,Sedentary,157.54137931034487,1.5036900424763067,29,65.75172413793103,5.5135301557464125,29
60-79,Female,Other Hispanic,High School,Yes,Heavy,151.37160493827162,8.096360827061437,81,61.53086419753087,9.717621133478461,81
60-79,Female,Other Hispanic,High School,Yes,Moderate,154.4,1.3279601879836536,24,55.25,12.615621785844644,24
60-79,Female,Other Hispanic,High School,Yes,Sedentary,149.9,0.0,25,63.5,0.0,25
60-79,Female,Other Hispanic,Less than HS,No,Heavy,151.74678111587983,7.1313477730119095,233,73.03390557939915,11.435026752739764,233
60-79,Female,Other Hispanic,Less than HS,No,Light,153.5,0.0,11,88.9,0.0,11
60-79,Female,Other Hispanic,Less than HS,No,Sedentary,155.0047619047619,6.680037694539186,42,83.82380952380952,17.20476124576594,42
60-79,Female,Other Hispanic,Less than HS,Unknown,Heavy,159.7,0.0,17,64.8,0.0,17
60-79,Female,Other Hispanic,Less than HS,Yes,Heavy,154.67102803738317,4.975657903702603,107,71.23271028037384,8.34709050769024,107
60-79,Female,Other Hispanic,Less than HS,Yes,Light,159.5,0.0,11,92.6,0.0,11
60-79,Female,Other/Multi-Racial,College+,No,Heavy,157.76602316602316,5.7765520171141755,518,68.19787644787645,24.17591587595359,518
60-79,Female,Other/Multi-Racial,College+,No,Light,154.69117647058823,8.105380466910178,34,56.205882352941174,1.3434332265596993,34
60-79,Female,Other/Multi-Racial,College+,No,Sedentary,157.62955465587044,7.697131302548194,247,67.40445344129556,21.578524130798986,247
60-79,Female,Other/Multi-Racial,College+,Yes,Heavy,160.53222891566264,6.330515256732047,332,85.63012048192772,31.36556402540794,332
60-79,Female,Other/Multi-Racial,College+,Yes,Sedentary,158.29285714285714,2.861361314379667,126,70.88412698412698,15.285456683781021,126
60-79,Female,Other/Multi-Racial,High School,No,Heavy,155.17600000000002,5.268877173237837,25,91.464,12.969543811046963,25
60-79,Female,Other/Multi-Racial,High School,No,Light,154.2,0.0,10,46.6,0.0,10
60-79,Female,Other/Multi-Racial,High School,No,Sedentary,161.966,3.4871548545471556,50,61.843999999999994,2.851147996502318,50
60-79,Female,Other/Multi-Racial,High School,Yes,Heavy,156.6952380952381,3.933654192704499,42,86.55952380952381,36.62154543450637,42
60-79,Female,Other/Multi-Racial,Less than HS,No,Heavy,154.37764705882353,4.443544715185666,85,85.26823529411764,18.568792379155088,85
60-79,Female,Other/Multi-Racial,Less than HS,Yes,Heavy,160.6324324324324,7.046671951040831,37,74.29729729729729,5.039537373304913,37
60-79,Female,Other/Multi-Racial,Less than HS,Yes,Sedentary,156.6,0.0,17,57.2,0.0,17
60-79,Male,Mexican American,College+,No,Heavy,166.18545454545455,7.922294331489291,55,82.10181818181819,15.591884058215951,55
60-79,Male,Mexican American,College+,No,Sedentary,168.27472527472528,5.132372061653657,91,94.33186813186813,16.59253432602132,91
60-79,Male,Mexican American,College+,Yes,Heavy,176.0546875,6.936650527143063,64,91.215625,16.101416863121084,64
60-79,Male,Mexican American,College+,Yes,Sedentary,176.7,0.0,19,79.7,0.0,19
60-79,Male,Mexican American,High School,No,Heavy,169.76666666666668,3.6152533102363815,60,79.74666666666667,8.672994647651539,60
60-79,Male,Mexican American,High School,No,Sedentary,163.9,0.0,14,103.5,0.0,14
60-79,Male,Mexican American,High School,Yes,Heavy,168.9,0.0,15,84.1,0.0,15
60-79,Male,Mexican American,High School,Yes,Sedentary,171.8,0.0,17,119.6,0.0,17
60-79,Male,Mexican American,Less than HS,No,Heavy,165.19761904761904,2.5251407200815112,42,80.68095238095238,16.02320326817603,42
60-79,Male,Mexican American,Less than HS,No,Sedentary,164.84756097560975,6.9511208015305295,82,74.19024390243902,7.763568127042737,82
60-79,Male,Mexican American,Less than HS,Yes,Heavy,165.56153846153848,3.3883380622497823,130,77.25923076923077,16.021553777652425,130
60-79,Male,Mexican American,Less than HS,Yes,Moderate,159.9,0.0,23,69.5,0.0,23
60-79,Male,Mexican American,Less than HS,Yes,Sedentary,163.62714285714284,6.874926538286243,70,84.32428571428571,2.778876621856953,70
60-79,Male,Non-Hispanic Black,College+,No,Heavy,170.4659420289855,4.963141464203409,138,89.13623188405796,14.045151081755613,138
60-79,Male,Non-Hispanic Black,College+,No,Sedentary,184.23481481481483,6.835315653091005,135,98.38740740740741,17.908479729261707,135
60-79,Male,Non-Hispanic Black,College+,Yes,Heavy,175.25,6.120276648938519,132,89.1560606060606,17.01190987198328,132
60-79,Male,Non-Hispanic Black,College+,Yes,Sedentary,172.583908045977,5.029424944735988,174,84.40517241379311,9.387639562728047,174
60-79,Male,Non-Hispanic Black,High School,No,Heavy,176.93333333333334,3.70471912838539,90,109.76444444444444,39.86766398612242,90
60-79,Male,Non-Hispanic Black,High School,No,Sedentary,171.71666666666667,1.7892594209231658,24,90.96666666666665,11.496943513165899,24
60-79,Male,Non-Hispanic Black,High School,Yes,Heavy,172.21322580645162,5.97042760124655,310,84.52612903225805,10.717305721357599,310
60-79,Male,Non-Hispanic Black,High School,Yes,Sedentary,172.51923076923077,3.3343746488123522,52,91.35961538461538,7.189460139959896,52
60-79,Male,Non-Hispanic Black,Less than HS,No,Heavy,170.31399999999996,1.689343550806976,50,82.97,20.31542341600166,50
60-79,Male,Non-Hispanic Black,Less than HS,No,Sedentary,166.65384615384616,5.199940828065708,26,73.36923076923077,3.997476126834957,26
60-79,Male,Non-Hispanic Black,Less than HS,Yes,Heavy,175.8524096385542,5.781671162490932,166,88.2644578313253,18.11967293523889,166
60-79,Male,Non-Hispanic Black,Less than HS,Yes,Sedentary,172.276,3.2123822935634463,25,84.484,21.26291137168191,25
60-79,Male,Non-Hispanic White,College+,No,Heavy,173.93027242118148,6.950179987218223,3267,87.79941842669116,17.557798951163996,3267
60-79,Male,Non-Hispanic White,College+,No,Light,180.07542372881358,5.609819480628971,118,100.45338983050847,20.15685789092058,118
60-79,Male,Non-Hispanic White,College+,No,Moderate,174.24285714285713,5.221803030635685,35,79.22857142857143,5.47285125326243,35
60-79,Male,Non-Hispanic White,College+,No,Sedentary,177.89747692307694,6.687376887839909,1625,90.58116923076923,17.056114713634752,1625
60-79,Male,Non-Hispanic White,College+,Yes,Heavy,174.33310566492565,5.969343980839083,2489,89.6292085174769,20.82302250621955,2489
60-79,Male,Non-Hispanic White,College+,Yes,Light,172.46702127659574,5.499548139754571,94,85.50212765957447,7.332355439052512,94
60-79,Male,Non-Hispanic White,College+,Yes,Moderate,180.4,0.0,15,98.5,0.0,15
60-79,Male,Non-Hispanic White,College+,Yes,Sedentary,175.1771456123433,7.154010967680145,1037,89.82082931533269,19.104220613715658,1037
60-79,Male,Non-Hispanic White,High School,No,Heavy,172.72051792828685,7.6457701853523306,502,82.36513944223108,11.643121374005275,502
60-79,Male,Non-Hispanic White,High School,No,Sedentary,173.8051282051282,6.918262284575014,312,91.83365384615385,19.247160114119968,312
60-79,Male,Non-Hispanic White,High School,Yes,Heavy,173.61632432432432,8.118041709267146,925,91.96324324324324,20.343422473980095,925
60-79,Male,Non-Hispanic White,High School,Yes,Sedentary,175.48776470588237,7.626674943854837,425,90.27694117647059,16.876776917175206,425
60-79,Male,Non-Hispanic White,High School,Yes,Unknown,169.2,0.0,16,85.4,0.0,16
60-79,Male,Non-Hispanic White,Less than HS,No,Heavy,172.53473684210525,6.678351312996223,95,88.57684210526315,12.997032825304325,95
60-79,Male,Non-Hispanic White,Less than HS,Yes,Heavy,172.3004662004662,6.250143906148858,429,86.38275058275057,16.237966957759536,429
60-79,Male,Non-Hispanic White,Less than HS,Yes,Moderate,178.8,0.0,9,95.5,0.0,9
60-79,Male,Non-Hispanic White,Less than HS,Yes,Sedentary,168.58333333333334,4.035709399177524,48,76.62083333333334,13.591971321230902,48
60-79,Male,Other Hispanic,College+,No,Heavy,175.17083333333332,8.432215094538353,120,93.48333333333333,18.101619470394915,120
60-79,Male,Other Hispanic,College+,No,Sedentary,166.6,6.648308055437853,63,80.60793650793651,17.226866691186295,63
60-79,Male,Other Hispanic,College+,Yes,Heavy,165.12938775510202,6.664282212699676,245,79.98244897959184,16.126278641719473,245
60-79,Male,Other Hispanic,College+,Yes,Moderate,183.4,0.0,16,124.5,0.0,16
60-79,Male,Other Hispanic,College+,Yes,Sedentary,167.75,5.241767739251524,32,98.21875,24.747191922812508,32
60-79,Male,Other Hispanic,High School,No,Heavy,172.97222222222223,5.364714086762173,54,85.92222222222223,16.732881048286355,54
60-79,Male,Other Hispanic,High School,No,Sedentary,168.87307692307692,2.1517995555581257,52,75.56153846153846,8.336269769216816,52
60-79,Male,Other Hispanic,High School,Yes,Heavy,172.77373737373736,4.008373527814857,99,96.31818181818181,16.28537821480539,99
60-79,Male,Other Hispanic,High School,Yes,Moderate,172.1,0.0,15,90.3,0.0,15
60-79,Male,Other Hispanic,High School,Yes,Sedentary,171.9826666666667,8.22649597556797,75,82.45866666666667,10.786266209339509,75
60-79,Male,Other Hispanic,Less than HS,No,Heavy,165.49069767441858,9.124622511540526,86,75.68604651162791,16.67221120724506,86
60-79,Male,Other Hispanic,Less than HS,No,Sedentary,160.3,0.0,15,87.2,0.0,15
60-79,Male,Other Hispanic,Less than HS,Yes,Heavy,165.52914979757085,6.484512543958412,247,78.06153846153846,13.317239974947668,247
60-79,Male,Other Hispanic,Less than HS,Yes,Sedentary,165.6,0.0,19,64.6,0.0,19
60-79,Male,Other/Multi-Racial,College+,No,Heavy,171.408174386921,7.594928469795443,367,81.1825613079019,15.709496309433177,367
60-79,Male,Other/Multi-Racial,College+,No,Light,165.8,0.0,22,77.2,0.0,22
60-79,Male,Other/Multi-Racial,College+,No,Moderate,160.4,0.0,15,76.8,0.0,15
60-79,Male,Other/Multi-Racial,College+,No,Sedentary,173.99935064935065,6.541006865721667,154,70.77987012987013,8.544159644769696,154
60-79,Male,Other/Multi-Racial,College+,Unknown,Heavy,172.1,0.0,7,92.9,0.0,7
60-79,Male,Other/Multi-Racial,College+,Yes,Heavy,173.51565836298934,9.170159506169005,281,80.13629893238434,28.1424558370248,281
60-79,Male,Other/Multi-Racial,College+,Yes,Light,165.0,0.0,10,75.8,0.0,10
60-79,Male,Other/Multi-Racial,College+,Yes,Moderate,165.5,0.0,13,59.2,0.0,13
60-79,Male,Other/Multi-Racial,College+,Yes,Sedentary,174.88536585365853,7.94245729791608,205,81.4219512195122,13.0866814536076,205
60-79,Male,Other/Multi-Racial,High School,No,Heavy,172.13793103448276,7.546994930857471,58,90.08275862068966,26.13684055814257,58
60-79,Male,Other/Multi-Racial,High School,Yes,Heavy,170.42890173410404,5.805398195249304,173,88.90057803468208,19.161169239915335,173
60-79,Male,Other/Multi-Racial,High School,Yes,Light,170.9,0.0,11,79.6,0.0,11
60-79,Male,Other/Multi-Racial,High School,Yes,Sedentary,177.09245283018868,6.739203589577231,53,85.60754716981131,10.13950478719069,53
60-79,Male,Other/Multi-Racial,Less than HS,No,Heavy,171.75714285714287,8.159511668109873,42,101.02857142857142,25.825807528415716,42
60-79,Male,Other/Multi-Racial,Less than HS,No,Sedentary,172.9,0.0,7,118.9,0.0,7
60-79,Male,Other/Multi-Racial,Less than HS,Yes,Heavy,171.656,3.652479350442032,75,79.51733333333334,14.536843901983348,75
60-79,Male,Other/Multi-Racial,Less than HS,Yes,Sedentary,167.8,0.0,21,88.9,0.0,21
